{"cameraMode":{"drawMode":0,"name":"Shaded","section":"Shading Mode"},"sceneLighting":true,"audioPlay":false,"sceneViewState":{"showFog":true,"showMaterialUpdate":false,"showSkybox":true,"showFlares":true,"showImageEffects":true,"showParticleSystems":true},"in2DMode":false,"pivot":{"x":2.1573486328125,"y":0.0458984375,"z":10.52734375},"rotation":{"x":0.013036716729402542,"y":-0.151800736784935,"z":-0.0020032678730785848,"w":-0.9883230924606323},"size":25.091228485107423,"orthographic":true}